scan,cluster
SPRING0014,C3
SPRING0015,C3
SPRING0017,C7
SPRING0052,C2
SPRING0053,C6
SPRING0054,C4
SPRING0055,C4
SPRING0056,C4
SPRING0060,C4
SPRING0064,C1
SPRING0065,C3
SPRING0067,C5
SPRING0069,C1
SPRING0070,C3
SPRING0072,C2
SPRING0074,C1
SPRING0075,C1
SPRING0076,C4
SPRING0078,C1
SPRING0083,C2
SPRING0084,C3
SPRING0086,C7
SPRING0087,C4
SPRING0089,C1
SPRING0090,C1
SPRING0092,C7
SPRING0093,C3
SPRING0094,C7
SPRING0095,C1
SPRING0096,C5
SPRING0097,C3
SPRING0099,C1
SPRING0104,C1
SPRING0113,C7
SPRING0114,C5
SPRING0115,C1
SPRING0116,C2
SPRING0118,C5
SPRING0119,C3
SPRING0121,C5
SPRING0125,C6
SPRING0127,C5
SPRING0134,C3
SPRING0136,C2
SPRING0143,C1
SPRING0158,C2
SPRING0160,C2
SPRING0161,C3
SPRING0163,C5
SPRING0166,C3
SPRING0174,C4
SPRING0175,C4
SPRING0176,C7
SPRING0182,C1
SPRING0183,C1
SPRING0185,C2
SPRING0189,C1
SPRING0192,C4
SPRING0195,C1
SPRING0203,C2
SPRING0208,C5
SPRING0210,C1
SPRING0213,C3
SPRING0214,C1
SPRING0216,C3
SPRING0219,C1
SPRING0222,C1
SPRING0224,C2
SPRING0225,C6
SPRING0226,C7
SPRING0231,C3
SPRING0233,C3
SPRING0235,C3
SPRING0236,C4
SPRING0239,C5
SPRING0241,C3
SPRING0243,C1
SPRING0244,C2
SPRING0249,C3
SPRING0252,C3
SPRING0254,C3
SPRING0256,C1
SPRING0257,C4
SPRING0258,C3
SPRING0260,C1
SPRING0265,C1
SPRING0268,C5
SPRING0269,C7
SPRING0270,C6
SPRING0277,C2
SPRING0283,C2
SPRING0286,C3
SPRING0288,C3
SPRING0290,C3
SPRING0298,C3
SPRING0304,C1
SPRING0307,C3
SPRING0309,C5
SPRING0310,C1
SPRING0317,C4
SPRING0321,C5
SPRING0327,C7
SPRING0377,C4
SPRING0378,C3
SPRING0379,C5
SPRING0380,C6
SPRING0381,C3
SPRING0382,C2
SPRING0383,C1
SPRING0384,C5
SPRING0385,C3
SPRING0386,C3
SPRING0387,C3
SPRING0392,C2
SPRING0393,C5
SPRING0399,C4
SPRING0400,C3
SPRING0401,C2
SPRING0402,C2
SPRING0404,C3
SPRING0407,C5
SPRING0408,C1
SPRING0409,C7
SPRING0412,C1
SPRING0413,C3
SPRING0416,C1
SPRING0417,C4
SPRING0418,C5
SPRING0434,C3
SPRING0438,C7
SPRING0439,C1
SPRING0452,C6
SPRING0461,C5
SPRING0464,C1
SPRING0465,C6
SPRING0468,C2
SPRING0469,C3
SPRING0472,C3
SPRING0473,C2
SPRING0475,C2
SPRING0476,C4
SPRING0480,C2
SPRING0482,C2
SPRING0483,C1
SPRING0484,C3
SPRING0489,C7
SPRING0490,C1
SPRING0499,C3
SPRING0503,C3
SPRING0519,C2
SPRING0522,C1
SPRING0530,C1
SPRING0544,C3
SPRING0556,C3
SPRING0569,C7
SPRING0573,C6
SPRING0581,C2
SPRING0583,C6
SPRING0586,C1
SPRING0589,C2
SPRING0590,C3
SPRING0593,C7
SPRING0594,C1
SPRING0598,C3
SPRING0600,C5
SPRING0607,C5
SPRING0609,C2
SPRING0614,C1
SPRING0615,C7
SPRING0616,C1
SPRING0621,C3
SPRING0622,C4
SPRING0624,C3
SPRING0626,C2
SPRING0627,C1
SPRING0628,C3
SPRING0630,C6
SPRING0635,C7
SPRING0640,C5
SPRING0642,C1
SPRING0644,C3
SPRING0646,C1
SPRING0649,C2
SPRING0651,C1
SPRING0655,C3
SPRING0656,C2
SPRING0662,C1
SPRING0663,C3
SPRING0668,C5
SPRING1032,C1
SPRING1035,C5
SPRING1038,C5
SPRING1039,C1
SPRING1047,C3
SPRING1050,C7
SPRING1056,C3
SPRING1057,C1
SPRING1058,C3
SPRING1060,C7
SPRING1061,C5
SPRING1062,C1
SPRING1063,C7
SPRING1068,C1
SPRING1070,C3
SPRING1074,C1
SPRING1076,C5
SPRING1077,C5
SPRING1078,C3
SPRING1079,C3
SPRING1081,C7
SPRING1083,C5
SPRING1084,C3
SPRING1086,C3
SPRING1087,C7
SPRING1088,C2
SPRING1089,C3
SPRING1095,C4
SPRING1096,C3
SPRING1098,C3
SPRING1100,C2
SPRING1101,C5
SPRING1102,C4
SPRING1105,C4
SPRING1109,C1
SPRING1116,C2
SPRING1118,C3
SPRING1121,C4
SPRING1123,C7
SPRING1124,C5
SPRING1125,C2
SPRING1127,C2
SPRING1128,C7
SPRING1130,C7
SPRING1132,C2
SPRING1136,C1
SPRING1137,C1
SPRING1138,C2
SPRING1139,C3
SPRING1140,C3
SPRING1141,C6
SPRING1142,C1
SPRING1144,C1
SPRING1148,C3
SPRING1150,C1
SPRING1152,C1
SPRING1157,C2
SPRING1158,C1
SPRING1160,C6
SPRING1162,C3
SPRING1163,C2
SPRING1164,C3
SPRING1166,C7
SPRING1167,C2
SPRING1168,C2
SPRING1171,C1
SPRING1174,C7
SPRING1175,C4
SPRING1177,C7
SPRING1178,C7
SPRING1180,C7
SPRING1182,C7
SPRING1183,C6
SPRING1184,C7
SPRING1194,C1
SPRING1195,C6
SPRING1197,C5
SPRING1198,C3
SPRING1200,C1
SPRING1201,C2
SPRING1202,C7
SPRING1207,C3
SPRING1208,C7
SPRING1209,C7
SPRING1210,C6
SPRING1213,C6
SPRING1214,C3
SPRING1215,C1
SPRING1304,C7
SPRING1305,C6
SPRING1307,C1
SPRING1309,C2
SPRING1310,C2
SPRING1311,C4
SPRING1312,C7
SPRING1313,C4
SPRING1314,C3
SPRING1315,C1
SPRING1316,C7
SPRING1319,C3
SPRING1321,C7
SPRING1323,C1
SPRING1324,C6
SPRING1331,C3
SPRING1336,C3
SPRING1341,C5
SPRING1342,C3
SPRING1345,C2
SPRING1350,C2
SPRING1356,C3
SPRING1359,C5
SPRING1360,C7
SPRING1361,C1
SPRING1362,C6
SPRING1363,C5
SPRING1365,C3
SPRING1368,C3
SPRING1369,C3
SPRING1372,C6
SPRING1373,C1
SPRING1374,C2
SPRING1375,C1
SPRING1376,C1
SPRING1378,C7
SPRING1379,C7
SPRING1381,C7
SPRING1382,C6
SPRING1387,C1
SPRING1388,C5
SPRING1389,C7
SPRING1390,C3
SPRING1391,C6
SPRING1396,C3
SPRING1399,C5
SPRING1400,C1
SPRING1401,C4
SPRING1403,C3
SPRING1405,C5
SPRING1407,C6
SPRING1409,C7
SPRING1410,C1
SPRING1413,C7
SPRING1414,C1
SPRING1415,C3
SPRING1416,C7
SPRING1417,C1
SPRING1418,C5
SPRING1419,C3
SPRING1420,C5
SPRING1421,C4
SPRING1422,C3
SPRING1423,C1
SPRING1424,C2
SPRING1426,C2
SPRING1427,C2
SPRING1431,C7
SPRING1432,C3
SPRING1433,C7
SPRING1434,C3
SPRING1435,C3
SPRING1436,C2
SPRING1441,C6
SPRING1442,C7
SPRING1448,C3
SPRING1449,C3
SPRING1451,C2
SPRING1452,C4
SPRING1453,C2
SPRING1454,C6
SPRING1456,C6
SPRING1458,C5
SPRING1459,C7
SPRING1460,C3
SPRING1462,C1
SPRING1464,C1
SPRING1467,C7
SPRING1468,C1
SPRING1469,C6
SPRING1470,C2
SPRING1472,C2
SPRING1474,C7
SPRING1475,C5
SPRING1476,C3
SPRING1477,C7
SPRING1492,C5
SPRING1493,C3
SPRING1496,C3
SPRING1506,C2
SPRING1512,C3
SPRING1520,C1
SPRING1523,C2
SPRING1525,C3
SPRING1530,C7
SPRING1532,C2
SPRING1535,C7
SPRING1538,C2
SPRING1540,C3
SPRING1541,C5
SPRING1544,C7
SPRING1548,C4
SPRING1549,C2
SPRING1554,C1
SPRING1556,C1
SPRING1557,C7
SPRING1563,C5
SPRING1565,C3
SPRING1566,C3
SPRING1573,C2
SPRING1575,C3
SPRING1576,C3
SPRING1578,C4
SPRING1591,C3
SPRING1592,C5
SPRING1603,C7
SPRING1604,C3
SPRING1605,C5
SPRING1606,C3
SPRING1607,C1
SPRING1608,C7
SPRING1615,C4
SPRING1616,C7
SPRING1617,C4
SPRING1618,C1
SPRING1619,C3
SPRING1620,C7
SPRING1622,C5
SPRING1623,C1
SPRING1625,C1
SPRING1626,C3
SPRING1627,C6
SPRING1629,C1
SPRING1630,C3
SPRING1631,C3
SPRING1634,C3
SPRING1636,C3
SPRING1638,C7
SPRING1640,C7
SPRING1644,C1
SPRING1646,C2
SPRING1647,C3
SPRING1648,C2
SPRING1649,C7
SPRING1652,C5
SPRING1657,C4
SPRING1658,C6
SPRING1660,C1
SPRING1661,C2
SPRING1663,C7
SPRING1664,C2
SPRING1669,C2
SPRING1671,C2
SPRING1672,C3
SPRING1673,C3
SPRING1675,C5
SPRING1679,C2
SPRING1680,C1
SPRING1683,C7
SPRING1685,C2
SPRING1686,C1
SPRING1689,C2
SPRING1691,C3
SPRING1696,C2
SPRING1700,C1
SPRING1703,C7
SPRING1705,C4
SPRING1706,C3
SPRING1708,C1
SPRING1709,C4
SPRING1711,C3
SPRING1713,C4
SPRING1716,C3
SPRING1718,C4
SPRING1719,C3
SPRING1721,C7
SPRING1722,C4
SPRING1723,C6
SPRING1724,C2
SPRING1725,C3
SPRING1726,C7
SPRING1727,C6
SPRING1728,C3
SPRING1729,C3
SPRING1730,C5
SPRING1731,C2
SPRING1732,C2
SPRING1733,C7
SPRING1734,C2
SPRING1736,C1
SPRING1738,C3
SPRING1739,C3
SPRING1741,C6
SPRING1742,C3
SPRING1743,C1
SPRING1746,C7
SPRING1748,C5
SPRING1749,C7
SPRING1750,C7
SPRING1751,C3
SPRING1752,C4
SPRING1753,C7
SPRING1754,C5
SPRING1755,C1
SPRING1757,C7
SPRING1758,C4
SPRING1760,C3
SPRING1762,C2
SPRING1763,C3
SPRING1764,C3
SPRING1765,C3
SPRING1768,C7
SPRING1769,C3
SPRING1770,C1
SPRING1771,C2
SPRING1772,C2
SPRING1773,C5
SPRING1774,C1
SPRING1775,C3
SPRING1776,C3
SPRING1778,C3
SPRING1779,C3
SPRING1781,C2
SPRING1782,C4
SPRING1783,C3
SPRING1784,C5
SPRING1787,C2
SPRING1789,C3
SPRING1791,C3
SPRING1793,C7
SPRING1795,C4
SPRING1796,C6
SPRING1799,C3
SPRING1801,C2
SPRING1802,C5
SPRING1803,C6
SPRING1805,C2
SPRING1806,C3
SPRING1807,C6
SPRING1809,C1
SPRING1810,C4
SPRING1811,C2
SPRING1812,C2
SPRING1813,C3
SPRING1815,C6
SPRING1817,C7
SPRING1820,C2
SPRING1821,C2
SPRING1822,C3
SPRING1824,C5
SPRING1827,C7
SPRING1828,C7
SPRING1829,C4
SPRING1830,C7
SPRING1831,C2
SPRING1832,C1
SPRING1836,C5
SPRING1837,C3
SPRING1838,C2
SPRING1841,C2
SPRING1843,C7
SPRING1844,C3
SPRING1845,C5
SPRING1846,C6
SPRING1849,C1
SPRING1853,C3
SPRING1854,C2
SPRING1855,C2
SPRING1857,C3
SPRING1859,C3
SPRING1861,C7
SPRING1862,C5
SPRING1863,C2
SPRING1864,C3
SPRING1865,C3
SPRING1867,C3
SPRING1869,C2
SPRING1870,C2
SPRING1871,C2
SPRING1875,C7
SPRING1876,C3
SPRING1877,C3
SPRING1879,C7
SPRING1881,C1
SPRING1882,C7
SPRING1883,C4
SPRING1884,C6
SPRING1885,C1
SPRING1886,C2
SPRING1888,C3
SPRING1889,C3
SPRING1891,C1
SPRING1894,C7
SPRING1896,C3
SPRING1897,C2
SPRING1898,C1
SPRING1899,C6
SPRING1901,C5
SPRING1905,C3
SPRING1906,C5
SPRING1908,C7
SPRING1909,C1
SPRING1911,C2
SPRING1912,C7
SPRING1913,C4
SPRING1914,C5
SPRING1915,C3
SPRING1916,C7
SPRING1917,C1
SPRING1919,C3
SPRING1921,C6
SPRING1923,C3
SPRING1924,C3
SPRING1925,C5
SPRING1926,C1
SPRING1928,C3
SPRING1930,C7
SPRING1931,C2
SPRING1932,C3
SPRING1934,C2
SPRING1935,C3
SPRING1936,C1
SPRING1938,C3
SPRING1939,C1
SPRING1940,C1
SPRING1942,C7
SPRING1944,C7
SPRING1945,C7
SPRING1946,C5
SPRING1947,C3
SPRING1949,C5
SPRING1950,C5
SPRING1951,C2
SPRING1952,C3
SPRING1953,C2
SPRING1954,C3
SPRING1955,C1
SPRING1956,C4
SPRING1958,C3
SPRING1960,C4
SPRING1961,C1
SPRING1963,C3
SPRING1964,C7
SPRING1965,C3
SPRING1967,C3
SPRING1969,C2
SPRING1971,C1
SPRING1972,C1
SPRING1973,C7
SPRING1975,C3
SPRING1976,C3
SPRING1977,C1
SPRING1978,C1
SPRING1979,C2
SPRING1981,C2
SPRING1983,C1
SPRING1984,C6
SPRING1986,C1
SPRING1989,C2
SPRING1990,C3
SPRING1992,C3
SPRING1994,C2
SPRING1995,C2
SPRING1997,C1
SPRING1998,C1
SPRING1999,C3
SPRING2000,C3
SPRING2002,C5
SPRING2004,C2
SPRING2005,C1
SPRING2007,C3
SPRING2008,C7
SPRING2009,C5
SPRING2011,C2
SPRING2012,C3
SPRING2013,C3
SPRING2015,C1
SPRING2016,C2
SPRING2017,C3
SPRING2018,C2
SPRING2108,C1
SPRING2109,C5
SPRING2113,C3
SPRING2114,C5
SPRING2115,C7
SPRING2116,C7
SPRING2117,C4
SPRING2118,C7
SPRING2119,C2
SPRING2132,C7
SPRING2136,C1
SPRING2138,C3
SPRING2140,C4
SPRING2149,C6
SPRING2150,C6
SPRING2158,C7
SPRING2160,C1
SPRING2172,C5
SPRING2173,C7
SPRING2174,C7
SPRING2176,C7
SPRING2189,C6
SPRING2196,C2
SPRING2201,C7
SPRING2203,C2
SPRING2204,C7
SPRING2216,C7
SPRING2229,C4
SPRING2235,C7
SPRING2243,C3
SPRING2248,C1
SPRING2254,C3
SPRING2258,C7
SPRING2262,C1
SPRING2269,C2
SPRING2273,C7
SPRING2280,C2
SPRING2281,C3
SPRING2282,C1
SPRING2284,C7
SPRING2286,C3
SPRING2287,C6
SPRING2294,C7
SPRING2295,C3
SPRING2297,C4
SPRING2298,C6
SPRING2300,C7
SPRING2301,C1
SPRING2302,C7
SPRING2303,C1
SPRING2306,C7
SPRING2316,C7
SPRING2317,C3
SPRING2323,C6
SPRING2325,C5
SPRING2326,C6
SPRING2332,C3
SPRING2334,C1
SPRING2336,C5
SPRING2339,C2
SPRING2344,C2
SPRING2345,C1
SPRING2346,C7
SPRING2347,C3
SPRING2348,C2
SPRING2350,C2
SPRING2352,C4
SPRING2353,C6
SPRING2354,C2
SPRING2355,C7
SPRING2356,C6
SPRING2357,C7
SPRING2358,C4
SPRING2359,C7
SPRING2360,C4
SPRING2361,C2
SPRING2362,C3
SPRING2363,C5
SPRING2364,C1
SPRING2365,C1
SPRING2366,C5
SPRING2367,C7
SPRING2368,C3
SPRING2369,C4
SPRING2370,C2
SPRING2371,C6
SPRING2372,C3
SPRING2374,C1
SPRING2375,C6
SPRING2377,C7
SPRING2379,C4
SPRING2380,C7
SPRING2381,C7
SPRING2382,C2
SPRING2383,C6
SPRING2384,C7
SPRING2386,C7
SPRING2388,C7
SPRING2389,C3
SPRING2390,C6
SPRING2391,C7
SPRING2394,C1
SPRING2397,C4
SPRING2398,C2
SPRING2399,C7
SPRING2400,C1
SPRING2402,C5
SPRING2404,C4
SPRING2405,C7
SPRING2408,C3
SPRING2410,C3
SPRING2411,C2
SPRING2412,C3
SPRING2413,C5
SPRING2415,C3
SPRING2416,C7
SPRING2417,C2
SPRING2418,C3
SPRING2419,C2
SPRING2422,C1
SPRING2423,C7
SPRING2424,C7
SPRING2425,C6
SPRING2426,C3
SPRING2427,C7
SPRING2429,C6
SPRING2430,C7
SPRING2431,C5
SPRING2433,C1
SPRING2434,C1
SPRING2436,C7
SPRING2437,C1
SPRING2438,C3
SPRING2440,C2
SPRING2441,C7
SPRING2442,C4
SPRING2443,C2
SPRING2445,C3
SPRING2450,C6
SPRING2451,C7
SPRING2452,C6
SPRING2453,C1
SPRING2455,C1
SPRING2456,C7
SPRING2457,C1
SPRING2461,C3
SPRING2462,C3
SPRING2463,C7
SPRING2464,C3
SPRING2465,C3
SPRING2466,C3
SPRING2469,C4
SPRING2471,C3
SPRING2472,C4
SPRING2475,C3
SPRING2476,C6
SPRING2480,C3
SPRING2482,C3
SPRING2484,C2
SPRING2486,C3
SPRING2487,C4
SPRING2490,C3
SPRING2491,C3
SPRING2492,C5
SPRING2493,C4
SPRING2495,C3
SPRING2496,C3
SPRING2497,C6
SPRING2498,C3
SPRING2500,C7
SPRING2501,C7
SPRING2502,C7
SPRING2505,C1
SPRING2507,C2
SPRING2508,C3
SPRING2509,C6
SPRING2510,C2
SPRING2511,C1
SPRING2513,C1
SPRING2516,C2
SPRING2517,C6
SPRING2520,C3
SPRING2521,C3
SPRING2523,C6
SPRING2524,C4
SPRING2526,C3
SPRING2527,C3
SPRING2528,C2
SPRING2529,C1
SPRING2531,C3
SPRING2533,C4
SPRING2534,C1
SPRING2535,C1
SPRING2536,C7
SPRING2537,C3
SPRING2539,C1
SPRING2542,C7
SPRING2544,C3
SPRING2545,C7
SPRING2546,C3
SPRING2547,C1
SPRING2548,C3
SPRING2550,C4
SPRING2552,C5
SPRING2553,C5
SPRING2554,C6
SPRING2555,C1
SPRING2556,C3
SPRING2557,C3
SPRING2558,C1
SPRING2559,C5
SPRING2560,C2
SPRING2561,C3
SPRING2563,C2
SPRING2564,C4
SPRING2565,C3
SPRING2566,C1
SPRING2567,C4
SPRING2569,C5
SPRING2570,C5
SPRING2572,C1
SPRING2573,C1
SPRING2574,C4
SPRING2575,C7
SPRING2577,C4
SPRING2578,C1
SPRING2579,C1
SPRING2580,C7
SPRING2581,C4
SPRING2584,C1
SPRING2585,C3
SPRING2586,C3
SPRING2588,C4
SPRING2590,C7
SPRING2592,C7
SPRING2595,C6
SPRING2598,C3
SPRING2599,C5
SPRING2600,C1
SPRING2603,C7
SPRING2605,C6
SPRING2606,C1
SPRING2609,C7
SPRING2611,C1
SPRING2616,C6
SPRING2618,C3
SPRING2619,C7
SPRING2620,C3
SPRING2622,C7
SPRING2625,C3
SPRING2626,C3
SPRING2627,C1
SPRING2630,C7
SPRING2632,C6
SPRING2633,C3
SPRING2635,C3
SPRING2636,C3
SPRING2639,C3
SPRING2641,C7
SPRING2642,C3
SPRING2643,C1
SPRING2646,C1
SPRING2647,C3
SPRING2652,C7
SPRING2655,C1
SPRING2657,C2
SPRING2658,C3
SPRING2659,C3
SPRING2660,C1
SPRING2662,C5
SPRING2663,C5
SPRING2665,C3
SPRING2667,C1
SPRING2669,C3
SPRING2671,C7
SPRING2672,C3
SPRING2673,C4
SPRING2681,C3
SPRING2682,C6
SPRING2683,C3
SPRING2686,C3
SPRING2687,C1
SPRING2690,C3
SPRING2691,C5
SPRING2692,C3
SPRING2693,C1
SPRING2694,C1
SPRING2697,C7
SPRING2698,C5
SPRING2699,C5
SPRING2700,C1
SPRING2701,C3
SPRING2702,C6
SPRING2703,C2
SPRING2704,C2
SPRING2705,C7
SPRING2708,C5
SPRING2710,C6
SPRING2711,C5
SPRING2713,C7
SPRING2714,C2
SPRING2716,C3
SPRING2722,C4
SPRING2724,C2
SPRING2725,C3
SPRING2726,C1
SPRING2728,C4
SPRING2730,C2
SPRING2731,C1
SPRING2732,C5
SPRING2734,C6
SPRING2735,C6
SPRING2736,C3
SPRING2737,C3
SPRING2739,C6
SPRING2740,C1
SPRING2741,C1
SPRING2742,C6
SPRING2744,C7
SPRING2745,C2
SPRING2750,C1
SPRING2751,C6
SPRING2754,C3
SPRING2755,C3
SPRING2756,C3
SPRING2757,C7
SPRING2758,C6
SPRING2760,C7
SPRING2763,C7
SPRING2764,C1
SPRING2765,C6
SPRING2766,C7
SPRING2767,C3
SPRING2768,C3
SPRING2771,C3
SPRING2773,C2
SPRING2774,C3
SPRING2776,C3
SPRING2779,C2
SPRING2781,C7
SPRING2782,C3
SPRING2784,C3
SPRING2785,C2
SPRING2786,C3
SPRING2787,C7
SPRING2788,C7
SPRING2789,C2
SPRING2791,C3
SPRING2794,C2
SPRING2795,C3
SPRING2796,C3
SPRING2797,C1
SPRING2800,C1
SPRING2801,C5
SPRING2802,C6
SPRING2803,C3
SPRING2806,C6
SPRING2807,C1
SPRING2808,C7
SPRING2809,C2
SPRING2810,C7
SPRING2811,C3
SPRING2813,C7
SPRING2814,C2
SPRING2815,C7
SPRING2816,C7
SPRING2817,C6
SPRING2818,C3
SPRING2819,C3
SPRING2820,C4
SPRING2826,C1
SPRING2827,C3
SPRING2828,C2
SPRING2829,C7
SPRING2830,C4
SPRING2832,C3
SPRING2833,C3
SPRING2834,C7
SPRING2835,C2
SPRING2836,C2
SPRING2837,C3
SPRING2838,C1
SPRING2843,C6
SPRING2845,C7
SPRING2846,C3
SPRING2848,C7
SPRING2850,C3
SPRING2851,C7
SPRING2854,C6
SPRING2856,C6
SPRING2857,C5
SPRING2859,C7
SPRING2861,C1
SPRING2865,C6
SPRING2866,C1
SPRING2868,C1
SPRING2873,C4
SPRING2874,C1
SPRING2878,C6
SPRING2883,C7
SPRING2884,C5
SPRING2885,C1
SPRING2886,C1
SPRING2891,C3
SPRING2894,C5
SPRING2896,C7
SPRING2897,C1
SPRING2898,C3
SPRING2900,C3
SPRING2901,C3
SPRING2902,C3
SPRING2904,C5
SPRING2905,C7
SPRING2918,C6
SPRING2919,C2
SPRING2922,C5
SPRING2923,C7
SPRING2924,C3
SPRING2928,C3
SPRING2930,C1
SPRING2931,C2
SPRING2932,C3
SPRING2933,C2
SPRING2934,C3
SPRING2940,C1
SPRING2941,C2
SPRING2943,C1
SPRING2946,C7
SPRING2947,C3
SPRING2949,C3
SPRING2951,C3
SPRING2952,C7
SPRING2954,C1
SPRING2957,C7
SPRING2958,C3
SPRING2959,C2
SPRING2961,C4
SPRING2965,C6
SPRING2966,C3
SPRING2967,C7
SPRING2970,C1
SPRING2972,C7
SPRING2976,C7
SPRING2977,C7
SPRING2978,C7
SPRING2979,C2
SPRING2981,C4
SPRING2984,C7
SPRING2985,C4
SPRING2986,C2
SPRING2988,C3
SPRING2989,C2
SPRING2991,C1
SPRING2995,C7
SPRING2996,C4
SPRING2999,C2
SPRING3001,C1
SPRING3003,C6
SPRING3006,C2
SPRING3007,C1
SPRING3008,C5
SPRING3010,C7
SPRING3011,C6
SPRING3013,C1
SPRING3016,C2
SPRING3018,C6
SPRING3019,C4
SPRING3021,C2
SPRING3024,C2
SPRING3026,C3
SPRING3027,C2
SPRING3028,C2
SPRING4002,C1
SPRING4003,C5
SPRING4005,C1
SPRING4006,C1
SPRING4008,C1
SPRING4009,C1
SPRING4010,C3
SPRING4012,C1
SPRING4013,C1
SPRING4014,C2
SPRING4015,C2
SPRING4016,C2
SPRING4017,C3
SPRING4020,C3
SPRING4022,C1
SPRING4023,C5
SPRING4024,C1
SPRING4028,C2
SPRING4029,C3
SPRING4030,C2
SPRING4031,C3
SPRING4033,C1
SPRING4034,C3
SPRING4037,C1
SPRING4038,C2
SPRING4040,C2
SPRING4041,C1
SPRING4043,C3
SPRING4049,C6
SPRING4055,C3
SPRING4062,C2
SPRING4070,C3
SPRING4072,C2
SPRING4076,C2
SPRING4079,C7
SPRING4084,C2
SPRING4085,C3
SPRING4086,C1
SPRING4087,C7
SPRING4089,C3
SPRING4090,C3
SPRING4091,C1
SPRING4092,C3
SPRING4096,C3
SPRING4098,C4
SPRING4100,C3
SPRING4102,C3
SPRING4105,C4
SPRING4109,C2
SPRING4111,C4
SPRING4116,C3
SPRING4117,C2
SPRING4119,C1
SPRING4120,C3
SPRING4122,C1
SPRING4124,C2
SPRING4125,C3
SPRING4129,C1
SPRING4131,C3
SPRING4136,C2
SPRING4137,C3
SPRING4139,C1
SPRING4140,C3
SPRING4141,C2
SPRING4142,C1
SPRING4146,C2
SPRING4148,C2
SPRING4149,C3
SPRING4150,C3
SPRING4153,C2
SPRING4157,C1
SPRING4158,C2
SPRING4163,C4
SPRING4166,C3
SPRING4167,C3
SPRING4171,C5
SPRING4175,C1
SPRING4178,C2
SPRING4179,C3
SPRING4187,C2
SPRING4188,C1
SPRING4189,C1
SPRING4192,C1
SPRING4195,C3
SPRING4198,C6
SPRING4199,C2
SPRING4200,C2
SPRING4201,C4
SPRING4202,C1
SPRING4203,C3
SPRING4204,C1
SPRING4205,C2
SPRING4215,C3
SPRING4218,C4
SPRING4219,C5
SPRING4221,C2
SPRING4226,C6
SPRING4232,C1
SPRING4235,C3
SPRING4237,C3
SPRING4239,C1
SPRING4240,C4
SPRING4241,C2
SPRING4242,C3
SPRING4243,C3
SPRING4244,C2
SPRING4246,C1
SPRING4249,C4
SPRING4250,C1
SPRING4251,C2
SPRING4252,C2
SPRING4253,C1
SPRING4255,C2
SPRING4257,C1
SPRING4258,C1
SPRING4259,C2
SPRING4260,C2
SPRING4261,C1
SPRING4262,C1
SPRING4263,C1
SPRING4265,C3
SPRING4267,C3
SPRING4268,C7
SPRING4269,C1
SPRING4271,C2
SPRING4273,C2
SPRING4275,C2
SPRING4276,C1
SPRING4277,C1
SPRING4278,C2
SPRING4281,C7
SPRING4283,C2
SPRING4285,C1
SPRING4292,C5
SPRING4298,C3
SPRING4300,C4
SPRING4301,C3
SPRING4302,C1
SPRING4305,C7
SPRING4306,C1
SPRING4308,C2
SPRING4309,C3
SPRING4310,C2
SPRING4313,C1
SPRING4315,C1
SPRING4323,C1
SPRING4325,C2
SPRING4326,C1
SPRING4327,C2
SPRING4335,C2
SPRING4339,C1
SPRING4340,C1
SPRING4341,C3
SPRING4343,C3
SPRING4348,C2
SPRING4351,C2
SPRING4354,C2
SPRING4359,C2
SPRING4360,C3
SPRING4364,C2
SPRING4365,C2
SPRING4370,C3
SPRING4371,C2
SPRING4374,C2
SPRING4376,C1
SPRING4377,C1
SPRING4382,C7
SPRING4386,C3
SPRING4388,C1
SPRING4391,C3
SPRING4392,C1
SPRING4393,C1
SPRING4394,C1
SPRING4395,C1
SPRING4397,C6
SPRING4399,C2
SPRING4404,C6
SPRING4406,C4
SPRING4410,C7
SPRING4414,C1
SPRING4418,C3
SPRING4419,C4
SPRING4421,C3
SPRING4422,C4
SPRING4424,C1
SPRING4426,C1
SPRING4428,C5
SPRING4435,C6
SPRING4436,C3
SPRING4439,C2
SPRING4440,C6
SPRING4441,C5
SPRING4442,C2
SPRING4443,C5
SPRING4444,C3
SPRING4445,C3
SPRING4450,C6
SPRING4451,C6
SPRING4452,C3
SPRING4453,C1
SPRING4455,C5
SPRING4456,C2
SPRING4457,C7
SPRING4458,C3
SPRING4460,C3
SPRING4462,C3
SPRING4464,C6
SPRING4467,C3
SPRING4468,C4
SPRING4470,C1
SPRING4471,C5
SPRING4472,C4
SPRING4476,C7
SPRING4479,C2
SPRING4480,C1
SPRING4482,C2
SPRING4483,C1
SPRING4486,C2
SPRING4488,C3
SPRING4489,C3
SPRING4490,C1
SPRING4491,C7
SPRING4492,C3
SPRING4493,C1
SPRING4494,C2
SPRING4495,C1
SPRING4496,C3
SPRING4498,C3
SPRING4500,C2
SPRING4502,C3
SPRING4506,C6
SPRING4507,C6
SPRING4508,C3
SPRING4509,C3
SPRING4510,C2
SPRING4512,C2
SPRING4518,C3
SPRING4522,C4
SPRING4523,C2
SPRING4524,C5
SPRING4526,C4
SPRING4528,C3
SPRING4531,C1
SPRING4532,C1
SPRING4533,C1
SPRING4534,C6
SPRING4535,C1
SPRING4536,C3
SPRING4537,C3
SPRING4539,C2
SPRING4540,C3
SPRING4541,C2
SPRING4543,C3
SPRING4544,C3
SPRING4548,C1
SPRING4550,C1
SPRING4552,C3
SPRING4553,C5
SPRING4554,C1
SPRING4556,C3
SPRING4563,C3
SPRING4564,C1
SPRING4566,C6
SPRING4567,C1
SPRING4569,C1
SPRING4575,C1
SPRING4577,C2
SPRING4578,C5
SPRING4581,C1
SPRING4582,C1
SPRING4587,C2
SPRING4588,C6
SPRING4592,C2
SPRING4595,C3
SPRING4598,C3
SPRING4601,C3
SPRING4604,C3
SPRING4605,C5
SPRING4606,C7
SPRING4607,C1
SPRING4608,C3
SPRING4610,C5
SPRING4612,C3
SPRING4613,C4
SPRING4614,C1
SPRING4615,C6
SPRING4617,C1
SPRING4618,C2
SPRING4619,C6
SPRING4622,C7
SPRING4626,C4
SPRING4628,C3
SPRING4630,C3
SPRING4635,C3
SPRING4636,C2
SPRING4643,C1
SPRING4645,C1
SPRING4646,C1
SPRING4647,C2
SPRING4654,C2
SPRING4655,C6
SPRING4656,C2
SPRING4659,C2
SPRING4660,C5
SPRING4662,C2
SPRING4663,C6
SPRING4664,C7
SPRING4665,C2
SPRING4666,C3
SPRING4668,C2
SPRING4670,C1
SPRING4671,C1
SPRING4672,C1
SPRING4673,C3
SPRING4674,C4
SPRING4679,C3
SPRING4680,C1
SPRING4684,C3
SPRING4685,C3
SPRING4686,C3
SPRING4691,C3
SPRING4693,C4
SPRING4694,C1
SPRING4695,C3
SPRING4696,C3
SPRING4699,C1
SPRING4702,C7
SPRING4703,C1
SPRING4704,C2
SPRING4705,C1
SPRING4707,C7
SPRING4708,C3
SPRING4709,C1
SPRING4710,C1
SPRING4711,C3
SPRING4712,C2
SPRING4713,C2
SPRING4715,C2
SPRING4717,C2
SPRING4718,C1
SPRING4719,C2
SPRING4720,C1
SPRING4723,C3
SPRING4726,C3
SPRING4727,C2
SPRING4732,C2
SPRING4733,C1
SPRING4737,C5
SPRING4740,C3
SPRING4742,C3
SPRING4744,C6
SPRING4745,C7
SPRING4746,C1
SPRING4747,C2
SPRING4748,C2
SPRING4750,C1
SPRING4751,C4
SPRING4753,C5
SPRING4756,C3
SPRING4757,C3
SPRING4758,C1
SPRING4759,C4
SPRING4760,C5
SPRING4761,C1
SPRING4763,C1
SPRING4764,C4
SPRING4766,C3
SPRING4770,C1
SPRING4771,C3
SPRING4772,C5
SPRING4773,C7
SPRING4774,C3
SPRING4776,C5
SPRING4777,C4
SPRING4779,C1
SPRING4781,C6
SPRING4782,C3
SPRING4783,C1
SPRING4784,C2
SPRING4786,C2
SPRING4787,C2
SPRING4789,C5
SPRING4790,C3
SPRING4791,C2
SPRING4793,C7
SPRING4794,C2
SPRING4796,C2
SPRING4798,C2
