representation,method,k,gdi
wasserstein_body,complete,2,0.006561679790026166
wasserstein_body,complete,3,0.049212598425196825
wasserstein_body,complete,4,0.049212598425196825
wasserstein_body,complete,5,0.04986876640419944
wasserstein_body,complete,6,0.04986876640419947
wasserstein_body,complete,7,0.05118110236220472
wasserstein_body,complete,8,0.05118110236220472
wasserstein_body,complete,9,0.09120734908136482
wasserstein_body,complete,10,0.09120734908136482
wasserstein_body,complete,11,0.09120734908136482
wasserstein_body,complete,12,0.0912073490813648
wasserstein_body,complete,13,0.09776902887139104
wasserstein_body,complete,14,0.09776902887139104
wasserstein_body,complete,15,0.09776902887139109
wasserstein_body,complete,16,0.09776902887139109
wasserstein_body,complete,17,0.09776902887139109
wasserstein_body,complete,18,0.09776902887139112
wasserstein_body,complete,19,0.11679790026246722
wasserstein_body,complete,20,0.33727034120734906
wasserstein_body,complete,21,0.33727034120734906
wasserstein_body,complete,22,0.35236220472440943
wasserstein_body,complete,23,0.4035433070866142
wasserstein_body,complete,24,0.4035433070866142
wasserstein_body,complete,25,0.4035433070866142
wasserstein_body,complete,26,0.43700787401574803
wasserstein_body,complete,27,0.43700787401574803
wasserstein_body,complete,28,0.43700787401574803
wasserstein_body,complete,29,0.43700787401574803
wasserstein_body,complete,30,0.43700787401574803
wasserstein_body,ward,2,0.07217847769028878
wasserstein_body,ward,3,0.07217847769028878
wasserstein_body,ward,4,0.20669291338582677
wasserstein_body,ward,5,0.20669291338582677
wasserstein_body,ward,6,0.20669291338582677
wasserstein_body,ward,7,0.20669291338582677
wasserstein_body,ward,8,0.33989501312335957
wasserstein_body,ward,9,0.34120734908136485
wasserstein_body,ward,10,0.4520997375328084
wasserstein_body,ward,11,0.4520997375328084
wasserstein_body,ward,12,0.5518372703412073
wasserstein_body,ward,13,0.6266404199475065
wasserstein_body,ward,14,0.6377952755905512
wasserstein_body,ward,15,0.6896325459317585
wasserstein_body,ward,16,0.6896325459317585
wasserstein_body,ward,17,0.6896325459317585
wasserstein_body,ward,18,0.6896325459317585
wasserstein_body,ward,19,0.708005249343832
wasserstein_body,ward,20,0.708005249343832
wasserstein_body,ward,21,0.708005249343832
wasserstein_body,ward,22,0.708005249343832
wasserstein_body,ward,23,0.708005249343832
wasserstein_body,ward,24,0.708005249343832
wasserstein_body,ward,25,0.708005249343832
wasserstein_body,ward,26,0.7158792650918635
wasserstein_body,ward,27,0.7158792650918635
wasserstein_body,ward,28,0.7158792650918635
wasserstein_body,ward,29,0.7158792650918635
wasserstein_body,ward,30,0.7158792650918635
wasserstein_body,kmedoids,2,0.0045931758530183735
wasserstein_body,kmedoids,3,0.09514435695538058
wasserstein_body,kmedoids,4,0.1345144356955381
wasserstein_body,kmedoids,5,0.1738845144356955
wasserstein_body,kmedoids,6,0.1738845144356955
wasserstein_body,kmedoids,7,0.16666666666666666
wasserstein_body,kmedoids,8,0.4652230971128609
wasserstein_body,kmedoids,9,0.46916010498687666
wasserstein_body,kmedoids,10,0.5931758530183727
wasserstein_body,kmedoids,11,0.5688976377952756
wasserstein_body,kmedoids,12,0.5807086614173228
wasserstein_body,kmedoids,13,0.6725721784776902
wasserstein_body,kmedoids,14,0.5872703412073491
wasserstein_body,kmedoids,15,0.5866141732283464
wasserstein_body,kmedoids,16,0.5984251968503937
wasserstein_body,kmedoids,17,0.6292650918635171
wasserstein_body,kmedoids,18,0.6108923884514436
wasserstein_body,kmedoids,19,0.6089238845144357
wasserstein_body,kmedoids,20,0.6089238845144357
wasserstein_body,kmedoids,21,0.6922572178477691
wasserstein_body,kmedoids,22,0.7145669291338582
wasserstein_body,kmedoids,23,0.6653543307086615
wasserstein_body,kmedoids,24,0.6502624671916011
wasserstein_body,kmedoids,25,0.6601049868766404
wasserstein_body,kmedoids,26,0.7276902887139107
wasserstein_body,kmedoids,27,0.7020997375328084
wasserstein_body,kmedoids,28,0.702755905511811
wasserstein_body,kmedoids,29,0.7178477690288714
wasserstein_body,kmedoids,30,0.7053805774278216
silhouette_body,ward,2,0.5721784776902887
silhouette_body,ward,3,0.5741469816272966
silhouette_body,ward,4,0.5741469816272966
silhouette_body,ward,5,0.755249343832021
silhouette_body,ward,6,0.755249343832021
silhouette_body,ward,7,0.755249343832021
silhouette_body,ward,8,0.755249343832021
silhouette_body,ward,9,0.755249343832021
silhouette_body,ward,10,0.755249343832021
silhouette_body,ward,11,0.755249343832021
silhouette_body,ward,12,0.755249343832021
silhouette_body,ward,13,0.755249343832021
silhouette_body,ward,14,0.755249343832021
silhouette_body,ward,15,0.755249343832021
silhouette_body,ward,16,0.755249343832021
silhouette_body,ward,17,0.755249343832021
silhouette_body,ward,18,0.755249343832021
silhouette_body,ward,19,0.755249343832021
silhouette_body,ward,20,0.755249343832021
silhouette_body,ward,21,0.755249343832021
silhouette_body,ward,22,0.755249343832021
silhouette_body,ward,23,0.755249343832021
silhouette_body,ward,24,0.7559055118110236
silhouette_body,ward,25,0.7559055118110236
silhouette_body,ward,26,0.7559055118110236
silhouette_body,ward,27,0.7644356955380578
silhouette_body,ward,28,0.7644356955380578
silhouette_body,ward,29,0.7644356955380578
silhouette_body,ward,30,0.7650918635170604
silhouette_body,kmeans,2,0.4461942257217847
silhouette_body,kmeans,3,0.6430446194225722
silhouette_body,kmeans,4,0.5826771653543307
silhouette_body,kmeans,5,0.7322834645669292
silhouette_body,kmeans,6,0.7644356955380578
silhouette_body,kmeans,7,0.765748031496063
silhouette_body,kmeans,8,0.7677165354330708
silhouette_body,kmeans,9,0.7644356955380578
silhouette_body,kmeans,10,0.7769028871391076
silhouette_body,kmeans,11,0.7788713910761155
silhouette_body,kmeans,12,0.723753280839895
silhouette_body,kmeans,13,0.7696850393700787
silhouette_body,kmeans,14,0.7454068241469817
silhouette_body,kmeans,15,0.7401574803149606
silhouette_body,kmeans,16,0.7086614173228346
silhouette_body,kmeans,17,0.7349081364829396
silhouette_body,kmeans,18,0.7598425196850394
silhouette_body,kmeans,19,0.7473753280839895
silhouette_body,kmeans,20,0.7335958005249343
silhouette_body,kmeans,21,0.7434383202099738
silhouette_body,kmeans,22,0.7335958005249343
silhouette_body,kmeans,23,0.734251968503937
silhouette_body,kmeans,24,0.770997375328084
silhouette_body,kmeans,25,0.739501312335958
silhouette_body,kmeans,26,0.7526246719160105
silhouette_body,kmeans,27,0.7480314960629921
silhouette_body,kmeans,28,0.7421259842519685
silhouette_body,kmeans,29,0.7755905511811023
silhouette_body,kmeans,30,0.7539370078740157
silhouette_body,kmedoids,2,0.37729658792650916
silhouette_body,kmedoids,3,0.5492125984251969
silhouette_body,kmedoids,4,0.6200787401574803
silhouette_body,kmedoids,5,0.7316272965879265
silhouette_body,kmedoids,6,0.7742782152230971
silhouette_body,kmedoids,7,0.7703412073490814
silhouette_body,kmedoids,8,0.7782152230971129
silhouette_body,kmedoids,9,0.7788713910761155
silhouette_body,kmedoids,10,0.7828083989501314
silhouette_body,kmedoids,11,0.7769028871391076
silhouette_body,kmedoids,12,0.7585301837270341
silhouette_body,kmedoids,13,0.7401574803149606
silhouette_body,kmedoids,14,0.7335958005249343
silhouette_body,kmedoids,15,0.744750656167979
silhouette_body,kmedoids,16,0.7408136482939632
silhouette_body,kmedoids,17,0.7375328083989501
silhouette_body,kmedoids,18,0.739501312335958
silhouette_body,kmedoids,19,0.739501312335958
silhouette_body,kmedoids,20,0.760498687664042
silhouette_body,kmedoids,21,0.765748031496063
silhouette_body,kmedoids,22,0.7664041994750657
silhouette_body,kmedoids,23,0.7723097112860893
silhouette_body,kmedoids,24,0.7690288713910761
silhouette_body,kmedoids,25,0.7729658792650919
silhouette_body,kmedoids,26,0.7906824146981627
silhouette_body,kmedoids,27,0.781496062992126
silhouette_body,kmedoids,28,0.7775590551181102
silhouette_body,kmedoids,29,0.7736220472440944
silhouette_body,kmedoids,30,0.770997375328084
wasserstein_trunk,complete,2,0.010498687664042003
wasserstein_trunk,complete,3,0.010498687664042003
wasserstein_trunk,complete,4,0.057742782152231005
wasserstein_trunk,complete,5,0.05839895013123363
wasserstein_trunk,complete,6,0.08661417322834641
wasserstein_trunk,complete,7,0.08661417322834641
wasserstein_trunk,complete,8,0.11811023622047243
wasserstein_trunk,complete,9,0.11811023622047243
wasserstein_trunk,complete,10,0.11876640419947505
wasserstein_trunk,complete,11,0.11942257217847767
wasserstein_trunk,complete,12,0.11942257217847767
wasserstein_trunk,complete,13,0.11942257217847767
wasserstein_trunk,complete,14,0.11942257217847767
wasserstein_trunk,complete,15,0.11942257217847767
wasserstein_trunk,complete,16,0.14566929133858267
wasserstein_trunk,complete,17,0.21456692913385828
wasserstein_trunk,complete,18,0.2152230971128609
wasserstein_trunk,complete,19,0.2152230971128609
wasserstein_trunk,complete,20,0.223753280839895
wasserstein_trunk,complete,21,0.2683727034120735
wasserstein_trunk,complete,22,0.2690288713910761
wasserstein_trunk,complete,23,0.2690288713910761
wasserstein_trunk,complete,24,0.2690288713910761
wasserstein_trunk,complete,25,0.458005249343832
wasserstein_trunk,complete,26,0.458005249343832
wasserstein_trunk,complete,27,0.458005249343832
wasserstein_trunk,complete,28,0.458005249343832
wasserstein_trunk,complete,29,0.458005249343832
wasserstein_trunk,complete,30,0.458005249343832
wasserstein_trunk,ward,2,0.045931758530183706
wasserstein_trunk,ward,3,0.14435695538057738
wasserstein_trunk,ward,4,0.14435695538057738
wasserstein_trunk,ward,5,0.14435695538057744
wasserstein_trunk,ward,6,0.14435695538057747
wasserstein_trunk,ward,7,0.14435695538057747
wasserstein_trunk,ward,8,0.2650918635170604
wasserstein_trunk,ward,9,0.3746719160104987
wasserstein_trunk,ward,10,0.3746719160104987
wasserstein_trunk,ward,11,0.49081364829396323
wasserstein_trunk,ward,12,0.6515748031496063
wasserstein_trunk,ward,13,0.6515748031496063
wasserstein_trunk,ward,14,0.6673228346456693
wasserstein_trunk,ward,15,0.6673228346456693
wasserstein_trunk,ward,16,0.6673228346456693
wasserstein_trunk,ward,17,0.6673228346456693
wasserstein_trunk,ward,18,0.7513123359580053
wasserstein_trunk,ward,19,0.7519685039370079
wasserstein_trunk,ward,20,0.7519685039370079
wasserstein_trunk,ward,21,0.7519685039370079
wasserstein_trunk,ward,22,0.7519685039370079
wasserstein_trunk,ward,23,0.7519685039370079
wasserstein_trunk,ward,24,0.7519685039370079
wasserstein_trunk,ward,25,0.7519685039370079
wasserstein_trunk,ward,26,0.7519685039370079
wasserstein_trunk,ward,27,0.7519685039370079
wasserstein_trunk,ward,28,0.7591863517060368
wasserstein_trunk,ward,29,0.7591863517060368
wasserstein_trunk,ward,30,0.7591863517060368
wasserstein_trunk,kmedoids,2,0.01968503937007872
wasserstein_trunk,kmedoids,3,0.17125984251968507
wasserstein_trunk,kmedoids,4,0.11614173228346461
wasserstein_trunk,kmedoids,5,0.14829396325459318
wasserstein_trunk,kmedoids,6,0.14304461942257218
wasserstein_trunk,kmedoids,7,0.42782152230971127
wasserstein_trunk,kmedoids,8,0.4376640419947507
wasserstein_trunk,kmedoids,9,0.3943569553805774
wasserstein_trunk,kmedoids,10,0.6069553805774278
wasserstein_trunk,kmedoids,11,0.7460629921259843
wasserstein_trunk,kmedoids,12,0.666010498687664
wasserstein_trunk,kmedoids,13,0.6528871391076115
wasserstein_trunk,kmedoids,14,0.7198162729658792
wasserstein_trunk,kmedoids,15,0.7191601049868767
wasserstein_trunk,kmedoids,16,0.699475065616798
wasserstein_trunk,kmedoids,17,0.7263779527559056
wasserstein_trunk,kmedoids,18,0.7283464566929134
wasserstein_trunk,kmedoids,19,0.6587926509186351
wasserstein_trunk,kmedoids,20,0.6850393700787402
wasserstein_trunk,kmedoids,21,0.7276902887139107
wasserstein_trunk,kmedoids,22,0.7093175853018373
wasserstein_trunk,kmedoids,23,0.7296587926509186
wasserstein_trunk,kmedoids,24,0.75
wasserstein_trunk,kmedoids,25,0.7454068241469817
wasserstein_trunk,kmedoids,26,0.7480314960629921
wasserstein_trunk,kmedoids,27,0.7664041994750657
wasserstein_trunk,kmedoids,28,0.7624671916010499
wasserstein_trunk,kmedoids,29,0.7355643044619422
wasserstein_trunk,kmedoids,30,0.7480314960629921
silhouette_trunk,ward,2,0.01246719160104985
silhouette_trunk,ward,3,0.01246719160104985
silhouette_trunk,ward,4,0.1725721784776902
silhouette_trunk,ward,5,0.8326771653543307
silhouette_trunk,ward,6,0.8458005249343832
silhouette_trunk,ward,7,0.8458005249343832
silhouette_trunk,ward,8,0.8458005249343832
silhouette_trunk,ward,9,0.8458005249343832
silhouette_trunk,ward,10,0.8458005249343832
silhouette_trunk,ward,11,0.8458005249343832
silhouette_trunk,ward,12,0.8458005249343832
silhouette_trunk,ward,13,0.8458005249343832
silhouette_trunk,ward,14,0.8458005249343832
silhouette_trunk,ward,15,0.8458005249343832
silhouette_trunk,ward,16,0.8458005249343832
silhouette_trunk,ward,17,0.8458005249343832
silhouette_trunk,ward,18,0.8458005249343832
silhouette_trunk,ward,19,0.8458005249343832
silhouette_trunk,ward,20,0.8458005249343832
silhouette_trunk,ward,21,0.8458005249343832
silhouette_trunk,ward,22,0.8458005249343832
silhouette_trunk,ward,23,0.8458005249343832
silhouette_trunk,ward,24,0.8458005249343832
silhouette_trunk,ward,25,0.8458005249343832
silhouette_trunk,ward,26,0.8464566929133859
silhouette_trunk,ward,27,0.8464566929133859
silhouette_trunk,ward,28,0.8497375328083989
silhouette_trunk,ward,29,0.8497375328083989
silhouette_trunk,ward,30,0.8497375328083989
silhouette_trunk,kmeans,2,0.011154855643044614
silhouette_trunk,kmeans,3,0.01246719160104985
silhouette_trunk,kmeans,4,0.3110236220472441
silhouette_trunk,kmeans,5,0.797244094488189
silhouette_trunk,kmeans,6,0.8057742782152231
silhouette_trunk,kmeans,7,0.8300524934383202
silhouette_trunk,kmeans,8,0.8064304461942258
silhouette_trunk,kmeans,9,0.8359580052493438
silhouette_trunk,kmeans,10,0.8431758530183727
silhouette_trunk,kmeans,11,0.8431758530183727
silhouette_trunk,kmeans,12,0.8458005249343832
silhouette_trunk,kmeans,13,0.8366141732283464
silhouette_trunk,kmeans,14,0.847769028871391
silhouette_trunk,kmeans,15,0.8366141732283464
silhouette_trunk,kmeans,16,0.8398950131233596
silhouette_trunk,kmeans,17,0.8503937007874016
silhouette_trunk,kmeans,18,0.8543307086614174
silhouette_trunk,kmeans,19,0.8576115485564304
silhouette_trunk,kmeans,20,0.8490813648293963
silhouette_trunk,kmeans,21,0.8562992125984252
silhouette_trunk,kmeans,22,0.847769028871391
silhouette_trunk,kmeans,23,0.8510498687664042
silhouette_trunk,kmeans,24,0.8562992125984252
silhouette_trunk,kmeans,25,0.8490813648293963
silhouette_trunk,kmeans,26,0.8503937007874016
silhouette_trunk,kmeans,27,0.8569553805774278
silhouette_trunk,kmeans,28,0.8536745406824147
silhouette_trunk,kmeans,29,0.8582677165354331
silhouette_trunk,kmeans,30,0.8582677165354331
silhouette_trunk,kmedoids,2,0.6141732283464565
silhouette_trunk,kmedoids,3,0.7683727034120735
silhouette_trunk,kmedoids,4,0.800524934383202
silhouette_trunk,kmedoids,5,0.7723097112860893
silhouette_trunk,kmedoids,6,0.7775590551181102
silhouette_trunk,kmedoids,7,0.7926509186351706
silhouette_trunk,kmedoids,8,0.8051181102362205
silhouette_trunk,kmedoids,9,0.8412073490813649
silhouette_trunk,kmedoids,10,0.8280839895013123
silhouette_trunk,kmedoids,11,0.8287401574803149
silhouette_trunk,kmedoids,12,0.8451443569553806
silhouette_trunk,kmedoids,13,0.8418635170603674
silhouette_trunk,kmedoids,14,0.8398950131233596
silhouette_trunk,kmedoids,15,0.8438320209973753
silhouette_trunk,kmedoids,16,0.8451443569553806
silhouette_trunk,kmedoids,17,0.8464566929133859
silhouette_trunk,kmedoids,18,0.8451443569553806
silhouette_trunk,kmedoids,19,0.865485564304462
silhouette_trunk,kmedoids,20,0.8661417322834646
silhouette_trunk,kmedoids,21,0.8556430446194225
silhouette_trunk,kmedoids,22,0.85498687664042
silhouette_trunk,kmedoids,23,0.8543307086614174
silhouette_trunk,kmedoids,24,0.8543307086614174
silhouette_trunk,kmedoids,25,0.844488188976378
silhouette_trunk,kmedoids,26,0.844488188976378
silhouette_trunk,kmedoids,27,0.8536745406824147
silhouette_trunk,kmedoids,28,0.8536745406824147
silhouette_trunk,kmedoids,29,0.8536745406824147
silhouette_trunk,kmedoids,30,0.8536745406824147
